form	lemma	POS	morph
༄༅།		PUNCT
		
།		PUNCT
ཀླུ་	ཀླུ་	NOUN
བསངས་	བསངས་	NO_POS
བླ་	བླ་	NOUN
སེལ་	སེལ་	VERB
ཆེན་	ཆེན་	NO_POS
མོ་	གོ་	PART
བཞུགས་	བཞུགས་	VERB
སོ་	གོ་	PART
།		PUNCT
སློབ་དཔོན་	སློབ་དཔོན་	NOUN
པདྨ་	པདྨ་	NOUN
འབྱུང་གནས་	འབྱུང་གནས་	NOUN
ལ་	ལ་	PART
ཕྱག་	ཕྱག་	NOUN
འཚལ་	འཚལ་	VERB
ལོ་	གོ་	PART
།		PUNCT
ཀླུ་	ཀླུ་	NOUN
བསངས་	བསངས་	NO_POS
གཏོང་བ་	གཏོང་བ་	VERB
ར་	ལ་	PART
འདོད་པ་	འདོད་པ་	VERB
ས་	གིས་	PART
།		PUNCT
དང་པོ་	དང་པོ་	ADJ
ར་	ལ་	PART
རིན་ཆེན་	རིན་ཆེན་	OTHER
སྣ་	སྣ་	NOUN
ལྔ་	ལྔ་	NUM
ནི་	ནི་	NO_POS
།		PUNCT
གསེར་དངུལ་	གསེར་དངུལ་	NOUN
མུ་ཏིག་	མུ་ཏིག་	NOUN
བྱུ་རུ་	བྱུ་རུ་	PROPN
མུ་མེན་	མུ་མེན་	NO_POS
ལྔ་	ལྔ་	NUM
།		PUNCT
འབྲུ་	འབྲུ་	NOUN
ལྔ་	ལྔ་	NUM
ལ་	ལ་	PART
ན་	ནས་	PART
འབྲས་	འབྲས་	NOUN
གྲོ་	གྲོ་	NOUN
སྲན་མ་	སྲན་མ་	NOUN
ཏིལ་བཅས་	ཏིལ་བཅས་	NO_POS
ལྔ་	ལྔ་	NUM
།		PUNCT
བདུད་རྩི་	བདུད་རྩི་	NOUN
ལྔ་	ལྔ་	NUM
ལ་	ལ་	PART
སྦྲང་དཀར་	སྦྲང་དཀར་	NO_POS
འོ་མ་	འོ་མ་	NOUN
ཞོ་	ཞོ་	NOUN
མ་	མ་	NOUN
བཅའ་	བཅའ་	VERB
ལྔ་	ལྔ་	NUM
།		PUNCT
སྨན་ལྔ་	སྨན་ལྔ་	NO_POS
སླེ་ཏྲེས་	སླེ་ཏྲེས་	NO_POS
ཀཎྜ་		NON_WORD
ཀ་	ཀ་	DET
རི་དབང་	རི་དབང་	NO_POS
ལག་	ལག་	NOUN
རྒྱ་མཚོ་	རྒྱ་མཚོ་	NOUN
འི་	གི་	PART
ལྦུ་བ་	ལྦུ་བ་	NO_POS
ཤུ་དག་	ཤུ་དག་	NO_POS
བཅའ་	བཅའ་	VERB
ལྔ་	ལྔ་	NUM
།		PUNCT
དྲི་	དྲི་	NOUN
ལྔ་	ལྔ་	NUM
ལ་	ལ་	PART
ཙནྡན་	ཙནྡན་	NOUN
དཀར་དམར་	དཀར་དམར་	OTHER
ཛ་	ཛ་	OTHER
ཏི་	ཏི་	NO_POS
ག་བུར་	ག་བུར་	NOUN
གུར་གུམ་	གུར་གུམ་	NO_POS
བཅའ་	བཅའ་	VERB
ལྔ་	ལྔ་	NUM
།		PUNCT
བཟང་པོ་	བཟང་པོ་	ADJ
དྲུག་	དྲུག་	NUM
ལ་	ལ་	PART
ཅུ་གང་	ཅུ་གང་	NO_POS
གུར་གུམ་	གུར་གུམ་	NO_POS
ལི་ཤི་	ལི་ཤི་	OTHER
ཛ་	ཛ་	OTHER
ཏི་	ཏི་	NO_POS
སུག་སྨེལ་	སུག་སྨེལ་	NO_POS
ཀ་ཀོ་ལ་	ཀ་ཀོ་ལ་	OTHER
དང་	དང་	NO_POS
དྲུག་	དྲུག་	NUM
དུག་	དུག་	NOUN
མེད་པ་	མེད་པ་	VERB
འི་	གི་	PART
ཤིང་	ཅིང་	PART
སྣ་	སྣ་	NOUN
བསྲེགས་	བསྲེགས་	NO_POS
།		PUNCT
བདག་བསྐྱེད་	བདག་བསྐྱེད་	OTHER
གང་	གང་	NO_POS
མོ་	མོ་	VERB
གསོལ་	གསོལ་	VERB
བཏབ་	བཏབ་	VERB
ལ་	ལ་	PART
འདི་སྐད་	འདི་སྐད་	NO_POS
དོ་	གོ་	PART
།		PUNCT
ཀྱཻ་		NON_WORD
༔		PUNCT
		
དང་པོ་	དང་པོ་	ADJ
བསང་	བསང་	OTHER
བྱུང་	བྱུང་	VERB
གང་	གང་	NO_POS
ན་	ནས་	PART
བྱུང་	བྱུང་	VERB
༔		PUNCT
བསངས་	བསངས་	NO_POS
བྱུང་	བྱུང་	VERB
འཛམ་གླིང་	འཛམ་གླིང་	NOUN
དབུ་	དབུ་	NOUN
ན་	ནས་	PART
བྱུང་	བྱུང་	VERB
༔		PUNCT
ནམ་མཁ་	ནམ་མཁའ་	NOUN
འི་	གི་	PART
སྨིག་	སྨིག་	NO_POS
དང་	དང་	NO_POS
སྨག་	སྨག་	NOUN
ལ་	ལ་	PART
ཆགས་	ཆགས་	VERB
༔		PUNCT
ས་	ས་	ADP
ལ་	ལ་	PART
རྩི་ཤིང་	རྩི་ཤིང་	NOUN
སྣ་ཚོགས་	སྣ་ཚོགས་	DET
འཁྲུངས་	འཁྲུངས་	NO_POS
༔		PUNCT
དེ་	སྟེ་	PART
ལ་	ལ་	PART
འོ་མ་	འོ་མ་	NOUN
འི་	གི་	PART
རྒྱ་མཚོ་	རྒྱ་མཚོ་	NOUN
བྱུང་	བྱུང་	VERB
༔		PUNCT
དེ་	སྟེ་	PART
ལ་	ལ་	PART
མེ་ཏོག་	མེ་ཏོག་	NOUN
མང་པོ་	མང་པོ་	ADJ
སྐྱེ་	སྐྱེ་	VERB
༔		PUNCT
གསོ་	གསོ་	NO_POS
བསྐྱེད་	བསྐྱེད་	VERB
བདུད་རྩི་	བདུད་རྩི་	NOUN
འི་	གི་	PART
སྨན་	སྨན་	NOUN
ཆ་	ཆ་	NOUN
ར་	ལ་	PART
འབེབས་	འབེབས་	VERB
༔		PUNCT
བདེ་ཆེན་	བདེ་ཆེན་	NOUN
རིགས་	རིགས་	NOUN
ལྔ་	ལྔ་	NUM
འི་	གི་	PART
གཞལ་ཡས་	གཞལ་ཡས་	ADJ
ན་	ནས་	PART
༔		PUNCT
ཀླུ་	ཀླུ་	NOUN
ཡི་	གི་	PART
རྒྱལ་པོ་	རྒྱལ་པོ་	NOUN
ཛམ་		NON_WORD
ལྷ་བསངས་	ལྷ་བསངས་	OTHER
༔		PUNCT
གནས་མཆོག་	གནས་མཆོག་	OTHER
ཀླུ་	ཀླུ་	NOUN
ཡི་	གི་	PART
ཕོ་བྲང་	ཕོ་བྲང་	NOUN
ན་	ནས་	PART
༔		PUNCT
ཀླུ་རྒྱལ་	ཀླུ་རྒྱལ་	NO_POS
གཙུག་	གཙུག་	NOUN
ན་	ལ་	PART
རིན་ཆེན་	རིན་ཆེན་	OTHER
བསངས་	བསངས་	NO_POS
༔		PUNCT
དེ་	སྟེ་	PART
ལ་	ལ་	PART
འཁོར་བ་	འཁོར་བ་	NOUN
འི་	གི་	PART
ཀླུ་	ཀླུ་	NOUN
རིགས་	རིགས་	NOUN
བསངས་	བསངས་	NO_POS
༔		PUNCT
དཀར་པོ་	དཀར་པོ་	ADJ
ཀླུ་	ཀླུ་	NOUN
ཡི་	གི་	PART
སྡེ་	སྡེ་	NOUN
ཚོགས་	ཚོགས་	NOUN
བསངས་	བསངས་	NO_POS
༔		PUNCT
སྔོན་པོ་	སྔོན་པོ་	ADJ
ཀླུ་	ཀླུ་	NOUN
ཡི་	གི་	PART
སྡེ་	སྡེ་	NOUN
ཚོགས་	ཚོགས་	NOUN
བསངས་	བསངས་	NO_POS
༔		PUNCT
སྨུག་པོ་	སྨུག་པོ་	OTHER
ཀླུ་	ཀླུ་	NOUN
ཡི་	གི་	PART
སྡེ་	སྡེ་	NOUN
ཚོགས་	ཚོགས་	NOUN
བསངས་	བསངས་	NO_POS
༔		PUNCT
སེར་པོ་	སེར་པོ་	ADJ
ཀླུ་	ཀླུ་	NOUN
ཡི་	གི་	PART
སྡེ་	སྡེ་	NOUN
ཚོགས་	ཚོགས་	NOUN
བསངས་	བསངས་	NO_POS
༔		PUNCT
ལྗང་ཁུ་	ལྗང་ཁུ་	NO_POS
ཀླུ་	ཀླུ་	NOUN
ཡི་	གི་	PART
སྡེ་	སྡེ་	NOUN
ཚོགས་	ཚོགས་	NOUN
བསངས་	བསངས་	NO_POS
༔		PUNCT
ཁྲ་བོ་	ཁྲ་བོ་	OTHER
ཀླུ་	ཀླུ་	NOUN
ཡི་	གི་	PART
སྡེ་	སྡེ་	NOUN
ཚོགས་	ཚོགས་	NOUN
བསངས་	བསངས་	NO_POS
༔		PUNCT
དམར་པོ་	དམར་པོ་	ADJ
ཀླུ་	ཀླུ་	NOUN
ཡི་	གི་	PART
སྡེ་	སྡེ་	NOUN
ཚོགས་	ཚོགས་	NOUN
བསངས་	བསངས་	NO_POS
༔		PUNCT
ནག་པོ་	ནག་པོ་	ADJ
ཀླུ་	ཀླུ་	NOUN
ཡི་	གི་	PART
སྡེ་	སྡེ་	NOUN
ཚོགས་	ཚོགས་	NOUN
བསངས་	བསངས་	NO_POS
༔		PUNCT
རྒྱལ་རིགས་	རྒྱལ་རིགས་	NOUN
དཀར་པོ་	དཀར་པོ་	ADJ
ཀླུ་	ཀླུ་	NOUN
ཡི་	གི་	PART
སྡེ་	སྡེ་	NOUN
ཚོགས་	ཚོགས་	NOUN
བསངས་	བསངས་	NO_POS
༔		PUNCT
རྗེ་རིགས་	རྗེ་རིགས་	NOUN
སེར་པོ་	སེར་པོ་	ADJ
ཀླུ་	ཀླུ་	NOUN
ཡི་	གི་	PART
སྡེ་	སྡེ་	NOUN
ཚོགས་	ཚོགས་	NOUN
བསངས་	བསངས་	NO_POS
༔		PUNCT
བྲམ་ཟེ་	བྲམ་ཟེ་	NOUN
ནག་པོ་	ནག་པོ་	ADJ
ཀླུ་	ཀླུ་	NOUN
ཡི་	གི་	PART
སྡེ་	སྡེ་	NOUN
ཚོགས་	ཚོགས་	NOUN
བསངས་	བསངས་	NO_POS
༔		PUNCT
དམངས་རིགས་	དམངས་རིགས་	PROPN
ལྗང་ཁུ་	ལྗང་ཁུ་	NO_POS
ཀླུ་	ཀླུ་	NOUN
ཡི་	གི་	PART
སྡེ་	སྡེ་	NOUN
ཚོགས་	ཚོགས་	NOUN
བསངས་	བསངས་	NO_POS
༔		PUNCT
གདོལ་པ་	གདོལ་པ་	NOUN
ནག་པོ་	ནག་པོ་	ADJ
ཀླུ་	ཀླུ་	NOUN
ཡི་	གི་	PART
སྡེ་	སྡེ་	NOUN
ཚོགས་	ཚོགས་	NOUN
བསངས་	བསངས་	NO_POS
༔		PUNCT
རྒྱལ་ཆེན་	རྒྱལ་ཆེན་	NOUN
བཞི་པོ་	བཞི་པོ་	NUM
འཁོར་བཅས་	འཁོར་བཅས་	ADJ
བསངས་	བསངས་	NO_POS
༔		PUNCT
ཀླུ་ཆེན་	ཀླུ་ཆེན་	NO_POS
བརྒྱད་པོ་	བརྒྱད་པོ་	NUM
འཁོར་བཅས་	འཁོར་བཅས་	ADJ
བསངས་	བསངས་	NO_POS
༔		PUNCT
གཟའ་	གཟའ་	NOUN
དང་	དང་	NO_POS
རྒྱུ་སྐར་	རྒྱུ་སྐར་	NOUN
ཚོགས་	ཚོགས་	NOUN
རྣམས་	རྣམས་	DET
བསངས་	བསངས་	NO_POS
༔		PUNCT
ཀླུ་མོ་	ཀླུ་མོ་	NOUN
རྟ་	རྟ་	NOUN
བཞིན་	བཞིན་	NOUN
ནོར་	ནོར་	NOUN
བཞིན་	བཞིན་	NOUN
བསངས་	བསངས་	NO_POS
༔		PUNCT
ཀླུ་མོ་	ཀླུ་མོ་	NOUN
ལུག་	ལུག་	NOUN
བཞིན་	བཞིན་	NOUN
གཡང་	གཡང་	NOUN
བཞིན་	བཞིན་	NOUN
བསངས་	བསངས་	NO_POS
༔		PUNCT
ཀླུ་མོ་	ཀླུ་མོ་	NOUN
ཟ་	ཟ་	NOUN
བཞིན་	བཞིན་	NOUN
གཏེར་	གཏེར་	NOUN
བཞིན་	བཞིན་	NOUN
བསངས་	བསངས་	NO_POS
༔		PUNCT
ཕ་རི་	ཕ་རི་	NO_POS
གཡའ་	གཡའ་	NOUN
ལ་	ལ་	PART
གནས་པ་	གནས་པ་	VERB
འི་	གི་	PART
ལྷ་	ལྷ་	NOUN
ཀླུ་	ཀླུ་	NOUN
བསངས་	བསངས་	NO_POS
༔		PUNCT
ཚུ་		
རི་	རི་	NOUN
འི་	གི་	PART
གཡོན་	གཡོན་	NOUN
ལ་	ལ་	PART
གནས་པ་	གནས་པ་	VERB
འི་	གི་	PART
ལྷ་	ལྷ་	NOUN
ཀླུ་	ཀླུ་	NOUN
བསངས་	བསངས་	NO_POS
༔		PUNCT
འབབ་པ་	འབབ་པ་	VERB
ཆུ་	ཆུ་	NOUN
ལ་	ལ་	PART
གནས་པ་	གནས་པ་	VERB
འི་	གི་	PART
ལྷ་	ལྷ་	NOUN
ཀླུ་	ཀླུ་	NOUN
བསངས་	བསངས་	NO_POS
༔		PUNCT
སྲ་བ་	སྲ་བ་	VERB
བྲག་ལ་	བྲག་ལ་	NO_POS
གནས་པ་	གནས་པ་	VERB
འི་	གི་	PART
ལྷ་	ལྷ་	NOUN
ཀླུ་	ཀླུ་	NOUN
བསངས་	བསངས་	NO_POS
༔		PUNCT
གཡོ་བ་	གཡོ་བ་	VERB
རླུང་	རླུང་	NOUN
ལ་	ལ་	PART
གནས་པ་	གནས་པ་	VERB
འི་	གི་	PART
ལྷ་	ལྷ་	NOUN
ཀླུ་	ཀླུ་	NOUN
བསངས་	བསངས་	NO_POS
༔		PUNCT
བརྟེན་པ་	བརྟེན་པ་	VERB
མཁའ་	མཁའ་	NOUN
ལ་	ལ་	PART
གནས་པ་	གནས་པ་	VERB
འི་	གི་	PART
ལྷ་	ལྷ་	NOUN
ཀླུ་	ཀླུ་	NOUN
བསངས་	བསངས་	NO_POS
༔		PUNCT
རི་བོ་	རི་བོ་	NOUN
ཀུན་	ཀུན་	DET
ལ་	ལ་	PART
གནས་པ་	གནས་པ་	VERB
འི་	གི་	PART
ལྷ་	ལྷ་	NOUN
ཀླུ་	ཀླུ་	NOUN
བསངས་	བསངས་	NO_POS
༔		PUNCT
རྒྱ་མཚོ་	རྒྱ་མཚོ་	NOUN
ཀུན་	ཀུན་	DET
ལ་	ལ་	PART
གནས་པ་	གནས་པ་	VERB
འི་	གི་	PART
ལྷ་	ལྷ་	NOUN
ཀླུ་	ཀླུ་	NOUN
བསངས་	བསངས་	NO_POS
༔		PUNCT
ཡུལ་	ཡུལ་	NOUN
མཆོག་	མཆོག་	ADJ
ཀུན་	ཀུན་	DET
ལ་	ལ་	PART
གནས་པ་	གནས་པ་	VERB
འི་	གི་	PART
ལྷ་	ལྷ་	NOUN
ཀླུ་	ཀླུ་	NOUN
བསངས་	བསངས་	NO_POS
༔		PUNCT
ཆུ་མིག་	ཆུ་མིག་	NOUN
ཀུན་	ཀུན་	DET
ལ་	ལ་	PART
གནས་པ་	གནས་པ་	VERB
འི་	གི་	PART
ལྷ་	ལྷ་	NOUN
ཀླུ་	ཀླུ་	NOUN
བསངས་	བསངས་	NO_POS
༔		PUNCT
ཁྱེད་	ཁྱེད་	PRON
ཀླུ་	ཀླུ་	NOUN
རྣམས་	རྣམས་	DET
བསངས་པ་	བསངས་པ་	NO_POS
འི་	གི་	PART
ཡོན་ཏན་	ཡོན་ཏན་	NOUN
གྱིས་	གིས་	PART
༔		PUNCT
མི་	མི་	PART
ཡི་	གི་	PART
ནད་ཡམས་	ནད་ཡམས་	OTHER
ཆོད་	ཆོད་	VERB
གྱུར་ཅིག་	གྱུར་ཅིག་	NO_POS
༔		PUNCT
ནོར་	ནོར་	NOUN
གྱི་	གི་	PART
གོད་	གོད་	NO_POS
ཡམས་	ཡམས་	NO_POS
ཆོད་	ཆོད་	VERB
གྱུར་ཅིག་	གྱུར་ཅིག་	NO_POS
༔		PUNCT
རྟ་	རྟ་	NOUN
ཡི་	གི་	PART
རྟ་	རྟ་	NOUN
སྲི་	སྲི་	NO_POS
ཆོད་	ཆོད་	VERB
གྱུར་ཅིག་	གྱུར་ཅིག་	NO_POS
༔		PUNCT
ལུག་	ལུག་	NOUN
གི་	གི་	PART
ནད་ཡམས་	ནད་ཡམས་	OTHER
ཆོད་	ཆོད་	VERB
གྱུར་	གྱུར་	VERB
གཅིག་	གཅིག་	NUM
༔		PUNCT
གསོ་བྱེད་	གསོ་བྱེད་	OTHER
བདུད་རྩི་	བདུད་རྩི་	NOUN
སྨན་	སྨན་	NOUN
གྱིས་	གིས་	PART
བསངས་	བསངས་	NO_POS
༔		PUNCT
ན་བ་	ན་བ་	VERB
ཡོད་	ཡོད་	VERB
ན་	ལ་	PART
དེ་རིང་	དེ་རིང་	ADV
བསངས་	བསངས་	NO_POS
༔		PUNCT
རྨེ་བ་	རྨེ་བ་	NO_POS
ཡོན་	ཡོན་	NOUN
ན་	ལ་	PART
དེ་རིང་	དེ་རིང་	ADV
བསངས་	བསངས་	NO_POS
༔		PUNCT
གཡོ་བ་	གཡོ་བ་	VERB
ཡོད་	ཡོད་	VERB
ན་	ལ་	PART
དེ་རིང་	དེ་རིང་	ADV
བསངས་	བསངས་	NO_POS
༔		PUNCT
མནོལ་བ་	མནོལ་བ་	NO_POS
ཡོད་	ཡོད་	VERB
ན་	ལ་	PART
དེ་རིང་	དེ་རིང་	ADV
བསངས་	བསངས་	NO_POS
༔		PUNCT
འཐོར་བ་	འཐོར་བ་	VERB
ཡོད་	ཡོད་	VERB
ན་	ལ་	PART
དེ་རིང་	དེ་རིང་	ADV
བསངས་	བསངས་	NO_POS
༔		PUNCT
རྡོ་	རྡོ་	NOUN
སྐམ་	སྐམ་	VERB
བསངས་	བསངས་	NO_POS
ན་	ལ་	PART
གསེར་	གསེར་	NOUN
དུ་	ལ་	PART
གྱུར་	གྱུར་	VERB
༔		PUNCT
ཤིང་	ཅིང་	PART
སྐམ་	སྐམ་	VERB
བསངས་	བསངས་	NO_POS
ན་	ལ་	PART
ཡལ་ག་	ཡལ་ག་	NOUN
འཁྲུངས་	འཁྲུངས་	NO_POS
༔		PUNCT
ཀླུ་	ཀླུ་	NOUN
རྣམས་	རྣམས་	DET
སུམ་བརྒྱ་	སུམ་བརྒྱ་	OTHER
དྲུག་ཅུ་	དྲུག་ཅུ་	NUM
བསངས་	བསངས་	NO_POS
༔		PUNCT
ཀླུ་	ཀླུ་	NOUN
ཕན་	ཕན་	NOUN
ཉི་ཁྲི་	ཉི་ཁྲི་	OTHER
ཆིག་སྟོང་	ཆིག་སྟོང་	NO_POS
བསངས་	བསངས་	NO_POS
༔		PUNCT
འདོད་ཡོན་	འདོད་ཡོན་	NOUN
གཏེར་ཁ་	གཏེར་ཁ་	NOUN
འི་	གི་	PART
ཀླུ་	ཀླུ་	NOUN
རྣམས་	རྣམས་	DET
བསངས་	བསངས་	NO_POS
༔		PUNCT
ཕྱུགས་	ཕྱུགས་	NOUN
རྣམས་	རྣམས་	DET
སྤེལ་བ་	སྤེལ་བ་	VERB
འི་	གི་	PART
ཀླུ་	ཀླུ་	NOUN
རྣམས་	རྣམས་	DET
བསངས་	བསངས་	NO_POS
༔		PUNCT
གཡང་	གཡང་	NOUN
རྣམས་	རྣམས་	DET
སྤེལ་བ་	སྤེལ་བ་	VERB
འི་	གི་	PART
ཀླུ་	ཀླུ་	NOUN
རྣམས་	རྣམས་	DET
བསངས་	བསངས་	NO_POS
༔		PUNCT
མི་	མི་	PART
རྣམས་	རྣམས་	DET
སྤེལ་བ་	སྤེལ་བ་	VERB
འི་	གི་	PART
ཀླུ་	ཀླུ་	NOUN
རྣམས་	རྣམས་	DET
བསངས་	བསངས་	NO_POS
༔		PUNCT
ནོར་	ནོར་	NOUN
རྣམས་	རྣམས་	DET
སྤེལ་བ་	སྤེལ་བ་	VERB
འི་	གི་	PART
ཀླུ་	ཀླུ་	NOUN
རྣམས་	རྣམས་	DET
བསངས་	བསངས་	NO_POS
༔		PUNCT
ལུག་	ལུག་	NOUN
རྣམས་	རྣམས་	DET
སྤེལ་བ་	སྤེལ་བ་	VERB
འི་	གི་	PART
ཀླུ་	ཀླུ་	NOUN
རྣམས་	རྣམས་	DET
བསངས་	བསངས་	NO_POS
༔		PUNCT
རྟ་	རྟ་	NOUN
རྣམས་	རྣམས་	DET
སྤེལ་བ་	སྤེལ་བ་	VERB
འི་	གི་	PART
ཀླུ་	ཀླུ་	NOUN
རྣམས་	རྣམས་	DET
བསངས་	བསངས་	NO_POS
༔		PUNCT
བསྟན་པ་	བསྟན་པ་	VERB
གཉན་པོ་	གཉན་པོ་	OTHER
རྒྱུན་	རྒྱུན་	NOUN
དུ་	ལ་	PART
བསྲུང་	བསྲུང་	NO_POS
༔		PUNCT
ཚེ་རིང་	ཚེ་རིང་	NOUN
སྲོག་	སྲོག་	NOUN
སྐྱོངས་	སྐྱོངས་	VERB
ཀླུ་	ཀླུ་	NOUN
ཡི་	གིས་	PART
མཛོད་	མཛོད་	NOUN
༔		PUNCT
ཁ་རྗེ་	ཁ་རྗེ་	NO_POS
དབང་ཐང་	དབང་ཐང་	NOUN
ཀླུ་	ཀླུ་	NOUN
ཡི་	གི་	PART
སྲུང་	སྲུང་	VERB
༔		PUNCT
ཀླུ་	ཀླུ་	NOUN
ཡི་	གི་	PART
གཏེར་ཁ་	གཏེར་ཁ་	NOUN
སུམ་བརྒྱ་	སུམ་བརྒྱ་	OTHER
དྲུག་ཅུ་	དྲུག་ཅུ་	NUM
བསངས་	བསངས་	NO_POS
༔		PUNCT
ཀླུ་	ཀླུ་	NOUN
ཡི་	གི་	PART
ལྕམ་མོ་	ལྕམ་མོ་	NO_POS
བསྟན་མ་	བསྟན་མ་	NOUN
བཅུ་གཉིས་	བཅུ་གཉིས་	NO_POS
བསངས་	བསངས་	NO_POS
༔		PUNCT
བདག་	བདག་	PRON
གི་	གི་	PART
མི་	མི་	PART
ནོར་	ནོར་	NOUN
སྤེལ་	སྤེལ་	VERB
ཞིང་	ཅིང་	PART
བསྲུང་	བསྲུང་	NO_POS
སྐྱོབས་	སྐྱོབས་	VERB
མཛོད་	མཛོད་	NOUN
༔		PUNCT
ན་	ལ་	PART
ག་	ག་	PRON
སིདྡྷི་		NON_WORD
ཐིམ་	ཐིམ་	NO_POS
འདུ་	འདུ་	VERB
༔		PUNCT
མུ་	མུ་	NOUN
ལྦེར་		NON_WORD
རཏྣ་		NON_WORD
སྭཱ་		NON_WORD
ཧཱ་		NON_WORD
༔		PUNCT
ལེ་	ལེ་	NO_POS
ལྡར་	ལྡར་	NO_POS
རཏྣ་		NON_WORD
སྭཱ་		NON_WORD
ཧཱ་		NON_WORD
༔		PUNCT
གཡང་	གཡང་	NOUN
ལྦེར་		NON_WORD
རཏྣ་		NON_WORD
སྭཱ་		NON_WORD
ཧཱ་		NON_WORD
༔		PUNCT
ཀླུ་	ཀླུ་	NOUN
བསངས་	བསངས་	NO_POS
བླ་	བླ་	NOUN
སེལ་	སེལ་	VERB
ཆེན་	ཆེན་	NO_POS
མོ་	གོ་	PART
ནི་	ནི་	NO_POS
སློབ་དཔོན་	སློབ་དཔོན་	NOUN
པདྨ་	པདྨ་	NOUN
ས་	གིས་	PART
མཛད་པ་	མཛད་པ་	VERB
འོ་	གོ་	PART
།		PUNCT
ཤུ་	ཤུ་	NO_POS
དྡྷེ་		NON_WORD
བསངས་	བསངས་	NO_POS
ཤུདྡྷེ་		NON_WORD
ཤུདྡྷེ་		NON_WORD
སྭཱ་		NON_WORD
ཧཱ་		NON_WORD
༔		PUNCT
ཀྱཻ་		NON_WORD
༐		PUNCT
		
དགའ་བོ་	དགའ་བོ་	PROPN
ཉེ་དགའ་	ཉེ་དགའ་	NO_POS
འཇོག་པོ་	འཇོག་པོ་	NO_POS
དང་	དང་	NO_POS
།		PUNCT
		
།		PUNCT
དུད་	དུད་	NO_POS
སྐྱོང་	སྐྱོང་	VERB
འཛིན་པ་	འཛིན་པ་	VERB
ལག་	ལག་	NOUN
མང་ཚོགས་	མང་ཚོགས་	OTHER
།		PUNCT
		
།		PUNCT
ཀླུ་ཆེན་	ཀླུ་ཆེན་	NO_POS
བརྒྱད་	བརྒྱད་	NUM
དང་	དང་	NO_POS
རིགས་བཞི་	རིགས་བཞི་	NO_POS
འི་	གི་	PART
ཀླུ་	ཀླུ་	NOUN
།		PUNCT
		
།		PUNCT
འཁོར་བཅས་	འཁོར་བཅས་	ADJ
ཐོགས་མེད་	ཐོགས་མེད་	PROPN
འདི་	འདི་	DET
ར་	ལ་	PART
གཤེགས་	གཤེགས་	VERB
ལ་	ལ་	PART
།		PUNCT
		
།		PUNCT
དུག་	དུག་	NOUN
སྣ་མ་	སྣ་མ་	NOUN
འདྲེ་	འདྲེ་	VERB
སྨན་སྣ་	སྨན་སྣ་	OTHER
འི་	གི་	PART
ཚོགས་	ཚོགས་	NOUN
།		PUNCT
		
།		PUNCT
རབ་	རབ་	ADV
སྦྱར་	སྦྱར་	VERB
བདུད་རྩི་	བདུད་རྩི་	NOUN
འི་	གི་	PART
རིལ་བུ་	རིལ་བུ་	OTHER
དང་	དང་	NO_POS
།		PUNCT
		
།		PUNCT
བསངས་	བསངས་	NO_POS
མཆོད་	མཆོད་	VERB
རྒྱ་	རྒྱ་	NOUN
ཆེན་	ཆེན་	NO_POS
འདི་	འདི་	DET
འབུལ་	འབུལ་	NO_POS
ལོ་	གོ་	PART
།		PUNCT
		
།		PUNCT
དགྱེས་པ་	དགྱེས་པ་	VERB
ཆེན་པོ་	ཆེན་པོ་	ADJ
ས་	གིས་	PART
བཞེས་	བཞེས་	VERB
ན་	ནས་	PART
ཀྱང་	ཀྱང་	PART
།		PUNCT
		
།		PUNCT
འཁོན་	འཁོན་	VERB
རྩུབ་	རྩུབ་	VERB
གདུག་	གདུག་	NO_POS
ཚུབ་	ཚུབ་	NO_POS
ངན་པ་	ངན་པ་	VERB
ཀུན་	ཀུན་	DET
།		PUNCT
		
།		PUNCT
ཞི་	ཞི་	VERB
ན་	ནས་	PART
བྱང་ཆུབ་	བྱང་ཆུབ་	NOUN
སེམས་བསྐྱེད་	སེམས་བསྐྱེད་	NOUN
དོ་	གོ་	PART
།		PUNCT
		
།		PUNCT
བཙའ་	བཙའ་	NO_POS
སད་	སད་	VERB
ཐན་པ་	ཐན་པ་	NO_POS
མ་	མ་	PART
གཏོང་བ་	གཏོང་བ་	VERB
ར་	ལ་	PART
།		PUNCT
		
།		PUNCT
མི་	མི་	PART
ཕྱུགས་ནད་	ཕྱུགས་ནད་	NOUN
རིམས་	རིམས་	NOUN
ཞི་བ་	ཞི་བ་	VERB
དང་	དང་	NO_POS
།		PUNCT
		
།		PUNCT
ཆར་ཆུ་	ཆར་ཆུ་	NOUN
དུས་	དུས་	NOUN
སུ་	ལ་	PART
འབེབས་པ་	འབེབས་པ་	VERB
དང་	དང་	NO_POS
།		PUNCT
		
།		PUNCT
ལོ་ཕྱུགས་	ལོ་ཕྱུགས་	NOUN
རྟག་	རྟག་	VERB
ཏུ་	ལ་	PART
ལེགས་པ་	ལེགས་པ་	VERB
སོགས་	སོགས་	DET
།		PUNCT
		
།		PUNCT
ཆོས་འབྱོར་	ཆོས་འབྱོར་	OTHER
བདེ་སྐྱིད་	བདེ་སྐྱིད་	NOUN
འཕེལ་བ་	འཕེལ་བ་	VERB
ར་	ལ་	PART
མཛོད་	མཛོད་	NOUN
།		PUNCT
		
།		PUNCT
སེམས་ཅན་	སེམས་ཅན་	NOUN
ནད་པ་	ནད་པ་	NOUN
ཇི་སྙེད་པ་	ཇི་སྙེད་པ་	OTHER
།		PUNCT
		
།		PUNCT
མྱུར་	མྱུར་	VERB
དུ་	ལ་	PART
ནད་	ནད་	NOUN
ལ་	ལ་	ADP
ས་	གིས་	PART
ཐ་	ཐ་	VERB
གྱུར་ཅིག་	གྱུར་ཅིག་	NO_POS
		
།		PUNCT
འགྲོ་བ་	འགྲོ་བ་	VERB
འི་	གི་	PART
ནད་	ནད་	NOUN
རྣམས་	རྣམས་	DET
མ་ལུས་པ་	མ་ལུས་པ་	OTHER
།		PUNCT
		
།		PUNCT
རྟག་	རྟག་	VERB
ཏུ་	ལ་	PART
འབྱུང་བ་	འབྱུང་བ་	VERB
མེད་པ་	མེད་པ་	VERB
ར་	ལ་	PART
ཤོག་	ཤོག་	VERB
		
།		PUNCT
ཀླུ་རྒྱལ་	ཀླུ་རྒྱལ་	NO_POS
དགའ་བོ་	དགའ་བོ་	PROPN
ཉེ་དགའ་	ཉེ་དགའ་	NO_POS
དང་	དང་	NO_POS
།		PUNCT
		
།		PUNCT
བསྟན་	བསྟན་	VERB
ལ་	ལ་	PART
དད་པ་	དད་པ་	VERB
འི་	གི་	PART
ལྷ་	ལྷ་	NOUN
རྣམས་	རྣམས་	DET
དང་	དང་	NO_POS
།		PUNCT
		
།		PUNCT
རྒྱལ་པོ་	རྒྱལ་པོ་	NOUN
སྦྱིན་བདག་	སྦྱིན་བདག་	NOUN
ཉིད་	ཉིད་	DET
དང་	དང་	NO_POS
ནི་	ནི་	NO_POS
།		PUNCT
		
།		PUNCT
སེམས་ཅན་	སེམས་ཅན་	NOUN
འཕོངས་པ་	འཕོངས་པ་	NO_POS
ཇི་སྙེད་པ་	ཇི་སྙེད་པ་	OTHER
།		PUNCT
		
།		PUNCT
ཚེ་རིང་	ཚེ་རིང་	NOUN
ནད་མེད་	ནད་མེད་	ADJ
ཕུན་སུམ་	ཕུན་སུམ་	OTHER
ཚོགས་	ཚོགས་	NOUN
།		PUNCT
		
།		PUNCT
གཏན་	གཏན་	NOUN
དུ་	ལ་	PART
བདེ་བ་	བདེ་བ་	VERB
ཐོབ་པ་	ཐོབ་པ་	VERB
ར་	ལ་	PART
ཤོག་	ཤོག་	VERB
		
།		PUNCT
ཅེས་པ་	ཅེས་པ་	PART
འདི་	འདི་	DET
ནི་	ནི་	NO_POS
པཎ་ཆེན་	པཎ་ཆེན་	NOUN
ཡེ་ཤེས་	ཡེ་ཤེས་	NOUN
ཆོ་	ཆོ་	NOUN
ཀྱི་	གི་	PART
རྒྱལ་མཚན་	རྒྱལ་མཚན་	NOUN
གྱིས་	གིས་	PART
མཛད་པ་	མཛད་པ་	VERB
འོ་	གོ་	PART
།		PUNCT
		
ཅེས་	ཅེས་	PART
རྐོང་	རྐོང་	NO_POS
རྩེ་	རྩེ་	NOUN
དབང་	དབང་	NOUN
གི་	གི་	PART
རྒྱལ་པོ་	རྒྱལ་པོ་	NOUN
ས་	གིས་	PART
གསུངས་	གསུངས་	VERB
སོ་	གོ་	PART
།		PUNCT
བླ་མ་	བླ་མ་	NOUN
མགོན་པོ་	མགོན་པོ་	NOUN
སྤྱན་རས་	སྤྱན་རས་	NO_POS
གཟིགས་	གཟིགས་	VERB
ལ་	ལ་	PART
ཕྱག་	ཕྱག་	NOUN
འཚལ་	འཚལ་	VERB
ལོ་	གོ་	PART
།		PUNCT
		
།		PUNCT
ཀླུ་སྨན་	ཀླུ་སྨན་	PROPN
སོགས་	སོགས་	DET
སྟ་གོན་	སྟ་གོན་	NOUN
སྔོན་	སྔོན་	ADV
དུ་	ལ་	PART
འགྲོ་བ་	འགྲོ་བ་	VERB
ས་	གིས་	PART
སྟོང་	སྟོང་	NUM
།		PUNCT
		
།		PUNCT
སངས་རྒྱས་	སངས་རྒྱས་	NOUN
ཆོ་	ཆོ་	NOUN
དང་	དང་	NO_POS
ཚོགས་	ཚོགས་	NOUN
ཀྱི་	གི་	PART
མཆོག་	མཆོག་	ADJ
རྣམས་	རྣམས་	DET
ལ་	ལ་	PART
།		PUNCT
		
།		PUNCT
བྱང་ཆུབ་	བྱང་ཆུབ་	NOUN
བ་	བ་	NOUN
དུ་	ལ་	PART
བདག་	བདག་	PRON
ནི་	ནི་	NO_POS
སྐྱབས་	སྐྱབས་	NOUN
སུ་	ལ་	PART
མཆི་	མཆི་	NO_POS
།		PUNCT
		
།		PUNCT
བདག་	བདག་	PRON
གིས་	གིས་	PART
སྦྱིན་	སྦྱིན་	VERB
སོགས་	སོགས་	DET
བགྱིས་པ་	བགྱིས་པ་	VERB
འི་	གི་	PART
བསོད་ནམས་	བསོད་ནམས་	NOUN
ཀྱིས་	གིས་	PART
།		PUNCT
		
།		PUNCT
འགྲོ་	འགྲོ་	VERB
ལ་	ལ་	PART
ཕན་	ཕན་	NOUN
ཕྱི་	ཕྱི་	OTHER
སངས་རྒྱས་	སངས་རྒྱས་	NOUN
འགྲུབ་པ་	འགྲུབ་པ་	VERB
ར་	ལ་	PART
ཤོག་	ཤོག་	VERB
		
།		PUNCT
ཚད་	ཚད་	NOUN
མེད་	མེད་	VERB
བཞི་	བཞི་	NUM
ལན་	ལན་	NOUN
གསུམ་	གསུམ་	NUM
བྱ་	བྱ་	VERB
།		PUNCT
རང་ཉིད་	རང་ཉིད་	OTHER
སྐད་ཅིག་	སྐད་ཅིག་	OTHER
གིས་	གིས་	PART
སྤྱན་རས་	སྤྱན་རས་	NO_POS
གཟིགས་	གཟིགས་	VERB
སུ་	ལ་	PART
གསལ་བ་	གསལ་བ་	VERB
འི་	གི་	PART
།		PUNCT
		
མདུན་	མདུན་	NOUN
དུ་	ལ་	PART
པདྨ་	པདྨ་	NOUN
དཀར་པོ་	དཀར་པོ་	ADJ
འདབ་མ་	འདབ་མ་	NOUN
གསུམ་	གསུམ་	NUM
ཁེབས་པ་	ཁེབས་པ་	VERB
འི་	གི་	PART
དབུ་	དབུ་	NOUN
སུ་	ལ་	PART
མཚོ་	མཚོ་	NOUN
དང་	དང་	NO_POS
རྫིང་བུ་	རྫིང་བུ་	NOUN
དང་	དང་	NO_POS
ལྗོན་ཤིང་	ལྗོན་ཤིང་	NOUN
ནེའུ་སིང་	ནེའུ་སིང་	NO_POS
ཆུ་མིག་	ཆུ་མིག་	NOUN
སོགས་	སོགས་	DET
ཀླུ་	ཀླུ་	NOUN
འི་	གི་	PART
ཕོ་བྲང་	ཕོ་བྲང་	NOUN
ཉམས་	ཉམས་	NOUN
དག་	དགའ་	VERB
འི་	གི་	PART
ལྟེ་བ་	ལྟེ་བ་	NOUN
ར་	ལ་	PART
ཉི་ཟླ་	ཉི་ཟླ་	NOUN
དང་	དང་	NO_POS
ཧྲཱིཿ་		NON_WORD
ཡིག་	ཡིག་	NOUN
ལ་	ལ་	ADP
ས་	གིས་	PART
།		PUNCT
ཇོ་བོ་	ཇོ་བོ་	NOUN
ཁ་ས་	ཁ་ས་	NO_POS
ར་	ལ་	PART
པཱ་	པཱ་	NO_POS
ནི་	ནི་	NO_POS
སྐུ་མདོག་	སྐུ་མདོག་	NOUN
དཀར་པོ་	དཀར་པོ་	ADJ
ཞལ་	ཞལ་	NOUN
གཅིག་	གཅིག་	NUM
ཕྱག་	ཕྱག་	NOUN
གཉིས་	གཉིས་	NUM
གཡའ་	གཡའ་	NOUN
མཆོག་སྦྱིན་	མཆོག་སྦྱིན་	NOUN
དང་	དང་	NO_POS
།		PUNCT
		
གཡོན་	གཡོན་	NOUN
ཐུགས་ཀ་	ཐུགས་ཀ་	NOUN
ར་	ལ་	PART
པདྨ་	པདྨ་	NOUN
བསྣམས་པ་	བསྣམས་པ་	NO_POS
།		PUNCT
རིན་པོ་ཆེ་	རིན་པོ་ཆེ་	ADJ
འི་	གི་	PART
རྒྱན་	རྒྱན་	NOUN
དུ་མ་	དུ་མ་	ADJ
ས་	གིས་	PART
མཛེས་པ་	མཛེས་པ་	VERB
གཡའ་	གཡའ་	NOUN
བརྐྱང་	བརྐྱང་	NO_POS
གཡོན་	གཡོན་	NOUN
བསྐུམ་	བསྐུམ་	NO_POS
གྱི་	གི་	PART
ཚུལ་	ཚུལ་	NOUN
དུ་	ལ་	PART
བཞུགས་པ་	བཞུགས་པ་	VERB
འི་	གི་	PART
གནས་	གནས་	NOUN
གསུམ་	གསུམ་	NUM
ལ་	ལ་	PART
ཨོཾ་	ཨོཾ་	X
ཨཱཿ་		NON_WORD
ཧཱུྃ་		NON_WORD
གསུམ་	གསུམ་	NUM
གྱིས་	གིས་	PART
མཚན་པ་	མཚན་པ་	VERB
།		PUNCT
ཐུགས་ཀ་	ཐུགས་ཀ་	NOUN
འི་	གི་	PART
ཆ་	ཆ་	NOUN
སྨད་	སྨད་	NOUN
དུ་	ལ་	PART
ཡི་གེ་	ཡི་གེ་	NOUN
ཧྲཱིཿ་		NON_WORD
ཡིག་	ཡིག་	NOUN
དང་	དང་	NO_POS
བཅས་པ་	བཅས་པ་	VERB
ར་	ལ་	PART
གྱུར་	གྱུར་	VERB
།		PUNCT
འཕགས་པ་	འཕགས་པ་	VERB
འི་	གི་	PART
མཐའ་	མཐའ་	NOUN
བསྐོར་	བསྐོར་	VERB
དུ་	ལ་	PART
ནོར་	ནོར་	NOUN
རྒྱ་	རྒྱ་	VERB
།		PUNCT
		
དུང་སྐྱོང་	དུང་སྐྱོང་	NO_POS
།		PUNCT
		
དགའ་བོ་	དགའ་བོ་	PROPN
།		PUNCT
		
ཉེ་དགའ་བོ་	ཉེ་དགའ་བོ་	NO_POS
།		PUNCT
		
པདྨ་	པདྨ་	NOUN
།		PUNCT
		
ཆུ་ལྷ་	ཆུ་ལྷ་	NO_POS
།		PUNCT
		
དཔལ་	དཔལ་	OTHER
གྱིའོ་		NON_WORD
།		PUNCT
		
འོད་པོ་ཆེ་	འོད་པོ་ཆེ་	NO_POS
།		PUNCT
རིགས་	རིགས་	NOUN
བཟང་	བཟང་	VERB
།		PUNCT
		
སྟོབས་ལྡན་	སྟོབས་ལྡན་	ADJ
ཏེ་	སྟེ་	PART
ཀླུ་ཆེན་པོ་	ཀླུ་ཆེན་པོ་	NO_POS
བརྒྱད་	བརྒྱད་	NUM
སྟོད་	སྟོད་	NOUN
སྐྱེས་བུ་	སྐྱེས་བུ་	NOUN
འི་	གི་	PART
ཆ་	ཆ་	NOUN
བྱེད་	བྱེད་	VERB
ལ་	ལ་	PART
སྦྲུལ་མགོ་	སྦྲུལ་མགོ་	NO_POS
བདུན་	བདུན་	NUM
གྱི་	གི་	PART
གདེངས་ཀ་	གདེངས་ཀ་	NOUN
ཅན་	ཅན་	PART
།		PUNCT
སྨད་	སྨད་	NOUN
སྦྲུལ་	སྦྲུལ་	NOUN
མཇུག་	མཇུག་	NOUN
ཏུ་	ལ་	PART
འཁྱིལ་བ་	འཁྱིལ་བ་	NO_POS
འཁོར་	འཁོར་	NOUN
ཀླུ་	ཀླུ་	NOUN
དང་	དང་	NO_POS
ས་བདག་	ས་བདག་	NOUN
དུ་མ་	དུ་མ་	ADJ
ས་	གིས་	PART
ཡོངས་སུ་	ཡོངས་སུ་	NO_POS
གང་བ་	གང་བ་	VERB
ར་	ལ་	PART
གྱུར་	གྱུར་	VERB
།		PUNCT
ཐུགས་ཀ་	ཐུགས་ཀ་	NOUN
འི་	གི་	PART
ས་བོན་	ས་བོན་	NOUN
ལ་	ལ་	ADP
ས་	གིས་	PART
འོད་ཟེར་	འོད་ཟེར་	NOUN
གྱིས་	གིས་	PART
ཀླུ་	ཀླུ་	NOUN
འི་	གི་	PART
རིགས་	རིགས་	NOUN
སུ་	ལ་	PART
གྱུར་པ་	གྱུར་པ་	VERB
ཐམས་ཅད་	ཐམས་ཅད་	DET
སྤྱན་	སྤྱན་	NOUN
དྲངས་	དྲངས་	NO_POS
།		PUNCT
ཨོཾ་	ཨོཾ་	X
ནཱ་ག་	ནཱ་ག་	X
ས་པ་	ས་པ་	NOUN
རི་	རི་	NOUN
ཝཱ་	ཝཱ་	NO_POS
ར་ས་	ར་ས་	PROPN
མཱ་	མཱ་	NO_POS
ཡ་	ཡ་	NOUN
ཛ་	ཛ་	OTHER
ཛཿ་		NON_WORD
ཞེ་	ཅེས་	PART
སྔགས་	སྔགས་	NOUN
ལན་	ལན་	NOUN
བདུན་	བདུན་	NUM
གྱིས་	གིས་	PART
སྤྱན་	སྤྱན་	NOUN
དྲངས་	དྲངས་	NO_POS
།		PUNCT
མདུན་བསྐྱེད་	མདུན་བསྐྱེད་	NOUN
ལ་	ལ་	PART
ཐིམ་པ་	ཐིམ་པ་	VERB
ར་	ལ་	PART
གྱུར་	གྱུར་	VERB
།		PUNCT
ཨོཾ་	ཨོཾ་	X
ཨཱཿ་		NON_WORD
ཧཱུྃ་		NON_WORD
གིས་	གིས་	PART
བདུད་རྩི་	བདུད་རྩི་	NOUN
ར་	ལ་	PART
བྱིན་	བྱིན་	VERB
གྱིས་	གིས་	PART
བརླབ་	བརླབ་	NO_POS
།		PUNCT
འཕགས་པ་	འཕགས་པ་	VERB
འི་	གི་	PART
ཕྱག་	ཕྱག་	NOUN
མཐིལ་	མཐིལ་	NOUN
གྱི་	གི་	PART
ཧྲཱིཿ་		NON_WORD
ཡིག་	ཡིག་	NOUN
ལ་	ལ་	ADP
ས་	གིས་	PART
གང་	གང་	NO_POS
འདོད་	འདོད་	VERB
ཀྱི་	གི་	PART
བདུད་རྩི་	བདུད་རྩི་	NOUN
འི་	གི་	PART
རྒྱུན་	རྒྱུན་	NOUN
བབ་	བབ་	VERB
ཀླུ་	ཀླུ་	NOUN
དང་	དང་	NO_POS
ས་བདག་	ས་བདག་	NOUN
ཐམས་ཅད་	ཐམས་ཅད་	DET
ཀྱིས་	གིས་	PART
འཐུང་	འཐུང་	NO_POS
ཞིང་	ཅིང་	PART
ཁྲུ་	ཁྲུ་	NOUN
བྱས་པ་	བྱས་པ་	VERB
ས་	གིས་	PART
ལུས་ངག་	ལུས་ངག་	NOUN
ཡིད་	ཡིད་	NOUN
གསུམ་	གསུམ་	NUM
གྱི་	གི་	PART
ཉེར་འཚེ་	ཉེར་འཚེ་	NO_POS
ཐམས་ཅད་	ཐམས་ཅད་	DET
དག་	དག་	DET
ན་	ནས་	PART
དགའ་བ་	དགའ་བ་	VERB
དང་	དང་	NO_POS
གུས་པ་	གུས་པ་	VERB
ཁྱད་པར་ཅན་	ཁྱད་པར་ཅན་	ADJ
སྐྱེ་བ་	སྐྱེ་བ་	VERB
ར་	ལ་	PART
གྱུར་པ་	གྱུར་པ་	VERB
ར་	ལ་	PART
བསམས་	བསམས་	VERB
ལ་	ལ་	PART
།		PUNCT
ཨོཾ་	ཨོཾ་	X
བཱ་	བཱ་	NO_POS
སུ་	ལ་	PART
ཀེ་	ཀེ་	PROPN
མཾ་	མཾ་	NO_POS
སྭཱ་		NON_WORD
ཧཱ་		NON_WORD
།		PUNCT
ཞེ་	ཅེས་	PART
ཆུ་	ཆུ་	NOUN
བགྲང་བ་	བགྲང་བ་	VERB
དང་	དང་	NO_POS
བསྟུན་	བསྟུན་	NO_POS
ན་	ནས་	PART
བརྒྱ་རྩ་	བརྒྱ་རྩ་	OTHER
གཅིག་	གཅིག་	NUM
བརྗོད་	བརྗོད་	VERB
།		PUNCT
ཀླུ་བསང་	ཀླུ་བསང་	OTHER
འདོན་	འདོན་	VERB
ན་	ལ་	PART
འདི་	འདི་	DET
ར་	ལ་	PART
བཏང་	བཏང་	VERB
ན་	ནས་	PART
།		PUNCT
ན་མོ་	ན་མོ་	X
།		PUNCT
ཆོ་	ཆོ་	NOUN
རྣམས་	རྣམས་	DET
ཐམས་ཅད་	ཐམས་ཅད་	DET
རྒྱུ་ལ་	རྒྱུ་ལ་	NO_POS
ས་	གིས་	PART
བྱུང་	བྱུང་	VERB
།		PUNCT
		
།		PUNCT
དེ་	སྟེ་	PART
རྒྱུ་	རྒྱུ་	NOUN
དེ་བཞིན་	དེ་བཞིན་	OTHER
གཤེགས་པ་	གཤེགས་པ་	VERB
ས་	གིས་	PART
གསུངས་	གསུངས་	VERB
།		PUNCT
		
།		PUNCT
རྒྱུ་ལ་	རྒྱུ་ལ་	NO_POS
འགོག་པ་	འགོག་པ་	VERB
གང་ཡིན་པ་	གང་ཡིན་པ་	NO_POS
།		PUNCT
		
།		PUNCT
དགེ་སྦྱོང་	དགེ་སྦྱོང་	NOUN
ཆེན་པོ་	ཆེན་པོ་	ADJ
ས་	གིས་	PART
འདི་སྐད་	འདི་སྐད་	NO_POS
གསུངས་	གསུངས་	VERB
།		PUNCT
		
།		PUNCT
སྡིག་པ་	སྡིག་པ་	VERB
ཅི་ཡང་	ཅི་ཡང་	OTHER
མི་	མི་	PART
བྱ་	བྱ་	VERB
ཞིང་	ཅིང་	PART
།		PUNCT
		
།		PUNCT
དགེ་བ་	དགེ་བ་	VERB
ཕུན་སུམ་	ཕུན་སུམ་	OTHER
ཚོགས་པ་	ཚོགས་པ་	VERB
ར་	ལ་	PART
སྤྱད་	སྤྱད་	VERB
།		PUNCT
		
།		PUNCT
རང་	རང་	PRON
གི་	གི་	PART
སེམས་	སེམས་	NOUN
ནི་	ནི་	NO_POS
ཡོངས་སུ་	ཡོངས་སུ་	NO_POS
འདུལ་	འདུལ་	NO_POS
།		PUNCT
		
།		PUNCT
འདི་	འདི་	DET
ནི་	ནི་	NO_POS
སངས་རྒྱས་	སངས་རྒྱས་	NOUN
བསྟན་པ་	བསྟན་པ་	VERB
ཡིན་	ཡིན་	NO_POS
།		PUNCT
		
།		PUNCT
ཆོས་སྦྱིན་	ཆོས་སྦྱིན་	NO_POS
དང་	དང་	NO_POS
།		PUNCT
		
ངན་སོང་	ངན་སོང་	NOUN
སྦྱོང་བ་	སྦྱོང་བ་	VERB
འི་	གི་	PART
གཟུངས་	གཟུངས་	NOUN
ཀྱང་	ཀྱང་	PART
བཟླ་	བཟླ་	NO_POS
།		PUNCT
ཨོཾ་	ཨོཾ་	X
བི་	བི་	NO_POS
པུ་	པུ་	NO_POS
ལ་	ལ་	PART
གརྦྷེ་		NON_WORD
།		PUNCT
		
མ་ཎི་	མ་ཎི་	OTHER
པྲ་	པྲ་	NOUN
བྷེ་		NON_WORD
།		PUNCT
		
ཏ་	ཏ་	OTHER
ཐཱ་		NON_WORD
ག་	ག་	PRON
ཏ་	ཏ་	OTHER
ནིརྡེ་		NON_WORD
ཤ་	ཤ་	NOUN
ནི་	ནི་	NO_POS
།		PUNCT
		
མ་ཎི་མ་	མ་ཎི་མ་	NO_POS
ཎི་		NON_WORD
།		PUNCT
		
སུ་	ལ་	PART
པྲ་	པྲ་	NOUN
བྷེ་		NON_WORD
།		PUNCT
		
བི་	བི་	NO_POS
མ་ལེ་	མ་ལེ་	NO_POS
༑		PUNCT
		
སཱ་	སཱ་	NO_POS
ག་	ག་	PRON
ར་	ར་	ADP
གམྦྷི་		NON_WORD
རེ་	རེ་	DET
།		PUNCT
ཧཱུཾ་		NON_WORD
ཧཱུཾ་		NON_WORD
།		PUNCT
		
ཛྭ་		NON_WORD
ལ་	ལ་	PART
ཛྭ་		NON_WORD
ལ་	ལ་	PART
།		PUNCT
		
བུདྡྷཱ་		NON_WORD
བི་	བི་	NO_POS
ལོ་	གོ་	PART
ཀི་	ཀི་	ADP
ཏེ་	སྟེ་	PART
།		PUNCT
		
གུ་	གུ་	OTHER
ཧྱ་		NON_WORD
ཨ་	ཨ་	X
དྷིཥྛི་		NON_WORD
ཏེ་	སྟེ་	PART
།		PUNCT
		
གརྦྷེ་		NON_WORD
སྭཱཧཱ་		NON_WORD
།		PUNCT
		
པདྨ་	པདྨ་	NOUN
དྷ་		NON_WORD
ར་	ར་	ADP
ཨ་	ཨ་	X
མོ་	གོ་	PART
གྷ་		NON_WORD
ཛ་ཡ་	ཛ་ཡ་	NO_POS
ཏེ་	སྟེ་	PART
ཙུ་	ཙུ་	NO_POS
རུ་	ལ་	PART
ཙུ་	ཙུ་	NO_POS
རུ་	ལ་	PART
སྭཱཧཱ་		NON_WORD
།		PUNCT
གཏོར་མ་	གཏོར་མ་	NOUN
སྤྱི་	སྤྱི་	DET
ལྟ་	ལྟ་	OTHER
བདུད་རྩི་	བདུད་རྩི་	NOUN
ས་	གིས་	PART
བྱིན་	བྱིན་	VERB
གྱིས་	གིས་	PART
བརླབས་	བརླབས་	NO_POS
ལ་	ལ་	PART
།		PUNCT
		
ཨོཾ་	ཨོཾ་	X
ཨ་	ཨ་	X
ཀཱ་	ཀཱ་	NO_POS
རོ་	རོ་	NOUN
སོགས་	སོགས་	DET
བརྗོད་	བརྗོད་	VERB
།		PUNCT
སྐྱོན་	སྐྱོན་	NOUN
གྱི་	གི་	PART
མ་	མ་	PART
གོས་སྐུ་	གོས་སྐུ་	NO_POS
མདོག་	མདོག་	NOUN
དཀ་	དཀའ་	VERB
ར་	ལ་	PART
།		PUNCT
		
།		PUNCT
རྫོགས་	རྫོགས་	VERB
སངས་རྒྱས་	སངས་རྒྱས་	NOUN
ཀྱིས་	གིས་	PART
དབུ་	དབུ་	NOUN
ལ་	ལ་	PART
བརྒྱན་	བརྒྱན་	VERB
།		PUNCT
		
།		PUNCT
ཐུགས་རྗེ་	ཐུགས་རྗེ་	NOUN
འི་	གི་	PART
སྤྱན་	སྤྱན་	NOUN
གྱིས་	གིས་	PART
འགྲོ་	འགྲོ་	VERB
ལ་	ལ་	PART
གཟིགས་	གཟིགས་	VERB
།		PUNCT
		
།		PUNCT
སྤྱན་རས་	སྤྱན་རས་	NO_POS
གཟིགས་	གཟིགས་	VERB
ལ་	ལ་	PART
ཕྱག་	ཕྱག་	NOUN
འཚལ་	འཚལ་	VERB
ལོ་	གོ་	PART
།		PUNCT
		
།		PUNCT
ཨོཾ་	ཨོཾ་	X
མ་ཎི་	མ་ཎི་	OTHER
པདྨེ་		NON_WORD
ཧཱུཾ་		NON_WORD
།		PUNCT
ཀླུ་ཆེན་	ཀླུ་ཆེན་	NO_POS
བརྒྱད་	བརྒྱད་	NUM
དང་	དང་	NO_POS
ཀླུ་	ཀླུ་	NOUN
རིགས་བཞི་	རིགས་བཞི་	NO_POS
།		PUNCT
		
།		PUNCT
ཀླུ་	ཀླུ་	NOUN
ཕྲན་	ཕྲན་	OTHER
བསམ་	བསམ་	NOUN
གྱིས་	གིས་	PART
མི་	མི་	PART
ཁྱབ་	ཁྱབ་	VERB
རྣམས་	རྣམས་	DET
།		PUNCT
		
།		PUNCT
མཆོད་སྦྱིན་	མཆོད་སྦྱིན་	NOUN
གཏོར་མ་	གཏོར་མ་	NOUN
འདི་	འདི་	DET
བཞེས་	བཞེས་	VERB
ལ་	ལ་	PART
།		PUNCT
		
།		PUNCT
མཉེས་	མཉེས་	VERB
ཤིང་	ཅིང་	PART
ཚིམ་པ་	ཚིམ་པ་	VERB
ར་	ལ་	PART
མཛད་	མཛད་	VERB
གྱུར་ཅིག་	གྱུར་ཅིག་	NO_POS
		
།		PUNCT
མཐོང་བ་	མཐོང་བ་	VERB
འི་	གི་	PART
དུག་	དུག་	NOUN
དང་	དང་	NO_POS
རེག་པ་	རེག་པ་	VERB
འི་	གི་	PART
དུག་	དུག་	NOUN
		
།		PUNCT
ཁ་	ཁ་	PRON
རླངས་དུག་	རླངས་དུག་	NO_POS
དང་	དང་	NO_POS
འཚེ་བ་	འཚེ་བ་	VERB
འི་	གི་	PART
དུག་	དུག་	NOUN
		
།		PUNCT
བསམ་ངན་	བསམ་ངན་	NOUN
དུག་	དུག་	NOUN
ལ་སོགས་པ་	ལ་སོགས་པ་	NO_POS
ཡི་	གི་	PART
།		PUNCT
		
།		PUNCT
ཀླུ་	ཀླུ་	NOUN
ཡི་	གི་	PART
དུག་	དུག་	NOUN
རྣམས་	རྣམས་	DET
ཞི་བ་	ཞི་བ་	VERB
ར་	ལ་	PART
མཛོད་	མཛོད་	NOUN
།		PUNCT
		
།		PUNCT
བདག་ཅག་	བདག་ཅག་	PRON
ལྷག་བསམ་	ལྷག་བསམ་	NOUN
བདེན་པ་	བདེན་པ་	VERB
དང་	དང་	NO_POS
།		PUNCT
		
།		PUNCT
མཆོད་སྦྱིན་	མཆོད་སྦྱིན་	NOUN
འདི་ལྟར་	འདི་ལྟར་	NO_POS
བསྔོས་པ་	བསྔོས་པ་	VERB
འི་	གི་	PART
མཐུ་	མཐུ་	NOUN
ས་	གིས་	PART
།		PUNCT
		
།		PUNCT
ཀླུ་	ཀླུ་	NOUN
ཡི་	གི་	PART
ཉེར་འཚེ་	ཉེར་འཚེ་	NO_POS
ཞི་	ཞི་	VERB
གྱུར་ཅིག་	གྱུར་ཅིག་	NO_POS
		
།		PUNCT
ཀླུ་སྨན་	ཀླུ་སྨན་	PROPN
ཛཱ་ཏི་	ཛཱ་ཏི་	NO_POS
ཕ་ལ་	ཕ་ལ་	NO_POS
ཡི་	གིས་	PART
།		PUNCT
		
།		PUNCT
ཀླུ་	ཀླུ་	NOUN
ཡི་	གི་	PART
མགོ་ནད་	མགོ་ནད་	OTHER
གསོས་	གསོས་	VERB
གྱུར་ཅིག་	གྱུར་ཅིག་	NO_POS
		
།		PUNCT
གཟི་	གཟི་	OTHER
དང་	དང་	NO_POS
རྒྱ་མཚོ་	རྒྱ་མཚོ་	NOUN
འི་	གི་	PART
ལྦུ་བ་	ལྦུ་བ་	NO_POS
ཡི་	གིས་	PART
།		PUNCT
		
།		PUNCT
མིག་	མིག་	NOUN
དང་	དང་	NO_POS
ཀླད་	ཀླད་	NOUN
ཉམས་གསོ་	ཉམས་གསོ་	OTHER
ས་	གིས་	PART
གྱུར་ཅིག་	གྱུར་ཅིག་	NO_POS
		
།		PUNCT
ཨུཏྤལ་	ཨུཏྤལ་	NO_POS
ལ་	ལ་	PART
དང་	དང་	NO_POS
ཉ་ལྕིབས་	ཉ་ལྕིབས་	NO_POS
ཀྱིས་	གིས་	PART
།		PUNCT
		
།		PUNCT
སྣ་	སྣ་	NOUN
དང་	དང་	NO_POS
འགྲམ་པ་	འགྲམ་པ་	VERB
ཉམས་པ་	ཉམས་པ་	VERB
གསོས་	གསོས་	VERB
།		PUNCT
		
།		PUNCT
ལི་ཁྲི་	ལི་ཁྲི་	NOUN
མཚལ་	མཚལ་	NO_POS
གྱི་	གི་	PART
ཤ་ཁྲག་	ཤ་ཁྲག་	NOUN
དང་	དང་	NO_POS
།		PUNCT
		
།		PUNCT
ད་	ད་	NOUN
དང་	དང་	NO_POS
མགྲོན་བུ་	མགྲོན་བུ་	NO_POS
ས་	གིས་	PART
ལྗགས་	ལྗགས་	NOUN
དང་	དང་	NO_POS
སོ་	གོ་	PART
།		PUNCT
		
།		PUNCT
དུང་	དུང་	NOUN
དང་	དང་	NO_POS
གུར་གུམ་	གུར་གུམ་	NO_POS
རུས་	རུས་	NOUN
ཉམས་	ཉམས་	NOUN
དང་	དང་	NO_POS
།		PUNCT
		
།		PUNCT
དྲི་བསུང་	དྲི་བསུང་	NOUN
ཉམས་པ་	ཉམས་པ་	VERB
གསོས་	གསོས་	VERB
གྱུར་ཅིག་	གྱུར་ཅིག་	NO_POS
		
།		PUNCT
ཙནྡན་	ཙནྡན་	NOUN
དཀར་པོ་	དཀར་པོ་	ADJ
ས་	གིས་	PART
ཚད་ནད་	ཚད་ནད་	NO_POS
དང་	དང་	NO_POS
།		PUNCT
		
།		PUNCT
རྨ་བྱ་	རྨ་བྱ་	NOUN
འི་	གི་	PART
མདོངས་	མདོངས་	VERB
ཀྱིས་	གིས་	PART
མདངས་	མདངས་	NOUN
ཉམས་གསོ་	ཉམས་གསོ་	OTHER
ས་	གིས་	PART
།		PUNCT
		
།		PUNCT
ཟ་འོག་	ཟ་འོག་	NOUN
དར་ཟབ་	དར་ཟབ་	NOUN
སྙིང་	སྙིང་	NOUN
ཞོ་ཤ་	ཞོ་ཤ་	NOUN
ས་	གིས་	PART
།་།		PUNCT
པགས་	པགས་	NOUN
དང་	དང་	NO_POS
སྙིང་	སྙིང་	NOUN
ཉམས་གསོ་	ཉམས་གསོ་	OTHER
ས་	གིས་	PART
གྱུར་ཅིག་	གྱུར་ཅིག་	NO_POS
		
།		PUNCT
མཁལ་མ་	མཁལ་མ་	NOUN
ཞོ་ཤ་	ཞོ་ཤ་	NOUN
ས་	གིས་	PART
མཁལ་མ་	མཁལ་མ་	NOUN
དང་	དང་	NO_POS
།		PUNCT
		
།		PUNCT
གླ་	གླ་	NOUN
གོ་		
ཞོ་ཤ་	ཞོ་ཤ་	NOUN
ས་	གིས་	PART
གློ་བ་	གློ་བ་	NOUN
གསོས་	གསོས་	VERB
།		PUNCT
		
།		PUNCT
ཆུ་སྲིན་	ཆུ་སྲིན་	NOUN
སྡེར་མོ་	སྡེར་མོ་	NO_POS
དབང་ལག་	དབང་ལག་	NO_POS
གིས་	གིས་	PART
།་།		PUNCT
སྡེར་མོ་	སྡེར་མོ་	NO_POS
ཡན་ལག་	ཡན་ལག་	NOUN
ཉམས་པ་	ཉམས་པ་	VERB
གསོས་	གསོས་	VERB
།		PUNCT
		
།		PUNCT
ཆག་	ཆག་	VERB
ཚང་	ཚང་	VERB
ཀུ་བ་	ཀུ་བ་	NOUN
ས་	གིས་	PART
གྲོད་པ་	གྲོད་པ་	NO_POS
དང་	དང་	NO_POS
།		PUNCT
		
།		PUNCT
སྤང་སྤོས་	སྤང་སྤོས་	NO_POS
ཚུལ་ཁྲིམས་	ཚུལ་ཁྲིམས་	NOUN
ཉམས་པ་	ཉམས་པ་	VERB
གསོས་	གསོས་	VERB
།		PUNCT
		
།		PUNCT
སྤུ་	སྤུ་	NOUN
ཤེལ་	ཤེལ་	NOUN
རྩེ་	རྩེ་	NOUN
དང་	དང་	NO_POS
རྡོ་རྒྱུས་	རྡོ་རྒྱུས་	NO_POS
ཀྱིས་	གིས་	PART
།		PUNCT
		
།		PUNCT
རྩ་རྒྱུས་	རྩ་རྒྱུས་	NOUN
ཆུ་རྒྱུས་	ཆུ་རྒྱུས་	NO_POS
ཉམས་པ་	ཉམས་པ་	VERB
གསོས་	གསོས་	VERB
།		PUNCT
		
།		PUNCT
སླེ་ཏྲེས་	སླེ་ཏྲེས་	NO_POS
བྱི་	བྱི་	NO_POS
ཐང་	ཐང་	NOUN
ཀ་ར་	ཀ་ར་	OTHER
ཡི་	གིས་	PART
།		PUNCT
		
།		PUNCT
རྒྱུ་མ་	རྒྱུ་མ་	NOUN
རེག་བྱ་	རེག་བྱ་	NOUN
ཉམས་པ་	ཉམས་པ་	VERB
གསོས་	གསོས་	VERB
།		PUNCT
		
།		PUNCT
ཨ་རུ་	ཨ་རུ་	PROPN
ར་	ར་	ADP
ཡི་	གི་	PART
ནང་ཁྲོལ་	ནང་ཁྲོལ་	NO_POS
དང་	དང་	NO_POS
།		PUNCT
		
།		PUNCT
འདམ་བུ་	འདམ་བུ་	NOUN
ཀ་ར་	ཀ་ར་	OTHER
འི་	གི་	PART
སྨན་མཆོག་	སྨན་མཆོག་	OTHER
གིས་	གིས་	PART
།		PUNCT
		
།		PUNCT
གནས་ཁང་	གནས་ཁང་	NOUN
ཉམས་པ་	ཉམས་པ་	VERB
གསོས་	གསོས་	VERB
གྱུར་ཅིག་	གྱུར་ཅིག་	NO_POS
		
།		PUNCT
རིན་ཆེན་	རིན་ཆེན་	OTHER
སྣ་	སྣ་	NOUN
ལྔ་	ལྔ་	NUM
ས་	གིས་	PART
བང་མཛོད་	བང་མཛོད་	NOUN
དང་	དང་	NO_POS
།		PUNCT
		
།		PUNCT
དཀར་གསུམ་	དཀར་གསུམ་	NO_POS
མངར་གསུམ་	མངར་གསུམ་	NO_POS
ཁ་ཟས་	ཁ་ཟས་	NOUN
ཀྱིས་	གིས་	PART
།		PUNCT
		
།		PUNCT
བཟའ་བཅའ་	བཟའ་བཅའ་	NO_POS
ཉམས་པ་	ཉམས་པ་	VERB
གསོས་	གསོས་	VERB
གྱུར་ཅིག་	གྱུར་ཅིག་	NO_POS
		
།		PUNCT
འཇིག་རྟེན་	འཇིག་རྟེན་	NOUN
ཁམས་	ཁམས་	NOUN
ནི་	ནི་	NO_POS
ཐམས་ཅད་	ཐམས་ཅད་	DET
དུ་	ལ་	PART
།		PUNCT
		
།		PUNCT
ཆར་ཆུ་	ཆར་ཆུ་	NOUN
དུས་	དུས་	NOUN
སུ་	ལ་	PART
འབེབས་པ་	འབེབས་པ་	VERB
དང་	དང་	NO_POS
།		PUNCT
		
།		PUNCT
ལོ་ཕྱུགས་	ལོ་ཕྱུགས་	NOUN
རྟག་	རྟག་	VERB
ཏུ་	ལ་	PART
ལེགས་པ་	ལེགས་པ་	VERB
ར་	ལ་	PART
མཛོད་	མཛོད་	NOUN
།		PUNCT
		
།		PUNCT
ཁྱད་པར་གནས་	ཁྱད་པར་གནས་	NO_POS
འདི་	འདི་	DET
ར་	ལ་	PART
སྡོད་	སྡོད་	VERB
མི་	མི་	PART
དང་	དང་	NO_POS
།		PUNCT
		
།		PUNCT
རྣལ་འབྱོར་	རྣལ་འབྱོར་	NOUN
བདག་	བདག་	PRON
དང་	དང་	NO_POS
སྦྱིན་བདག་	སྦྱིན་བདག་	NOUN
ལ་	ལ་	PART
།		PUNCT
		
།		PUNCT
རླུང་	རླུང་	NOUN
མཁྲིས་	མཁྲིས་	NO_POS
བད་ཀན་	བད་ཀན་	OTHER
འདུས་པ་	འདུས་པ་	VERB
སོགས་	སོགས་	DET
།		PUNCT
		
།		PUNCT
ཀླུ་	ཀླུ་	NOUN
ཡི་	གི་	PART
ནད་	ནད་	NOUN
རིགས་	རིགས་	NOUN
ཞི་བ་	ཞི་བ་	VERB
ར་	ལ་	PART
མཛོད་	མཛོད་	NOUN
།		PUNCT
		
།		PUNCT
མུ་གེ་	མུ་གེ་	NOUN
འཁྲུགས་	འཁྲུགས་	NO_POS
རྩོད་	རྩོད་	VERB
ཞི་བ་	ཞི་བ་	VERB
དང་	དང་	NO_POS
།		PUNCT
		
།		PUNCT
ཞི་	ཞི་	VERB
རྒྱ་	རྒྱ་	VERB
ལ་སོགས་	ལ་སོགས་	NO_POS
དངོས་གྲུབ་	དངོས་གྲུབ་	NOUN
སྩོལ་	སྩོལ་	VERB
།		PUNCT
		
།		PUNCT
རྒྱན་	རྒྱན་	NOUN
གྱི་	གི་	PART
བརྒྱན་པ་	བརྒྱན་པ་	VERB
ར་	ལ་	PART
བྱ་	བྱ་	VERB
ན་	ནས་	PART
ཆོ་	ཆོ་	NOUN
སྤྱད་	སྤྱད་	VERB
དེ་	སྟེ་	PART
།		PUNCT
		
།		PUNCT
དུལ་	དུལ་	VERB
ཞིང་	ཅིང་	PART
ཡང་དག་	ཡང་དག་	ADJ
སྡོམ་	སྡོམ་	NOUN
ལ་	ལ་	PART
ཚངས་པ་	ཚངས་པ་	PROPN
ར་	ལ་	PART
སྤྱོད་	སྤྱོད་	VERB
།		PUNCT
		
།		PUNCT
དགེ་སློང་	དགེ་སློང་	NOUN
དགེ་སྦྱོང་	དགེ་སྦྱོང་	NOUN
དེ་	སྟེ་	PART
ཡིན་	ཡིན་	NO_POS
བྲམ་ཟེ་	བྲམ་ཟེ་	NOUN
འང་	ཀྱང་	PART
དེ་	སྟེ་	PART
།		PUNCT
		
།		PUNCT
མཚོན་ཆ་	མཚོན་ཆ་	NOUN
ས་	གིས་	PART
མི་	མི་	PART
འཇིགས་	འཇིགས་	VERB
གང་ཡང་	གང་ཡང་	NO_POS
མེད་	མེད་	VERB
།		PUNCT
		
།		PUNCT
འཆི་བ་	འཆི་བ་	VERB
འི་	གི་	PART
སྲོག་	སྲོག་	NOUN
ལ་	ལ་	PART
ཀུན་	ཀུན་	DET
ཀྱང་	ཀྱང་	PART
འཛེམ་	འཛེམ་	NO_POS
།		PUNCT
		
།		PUNCT
རང་	རང་	PRON
གི་	གི་	PART
ལུས་	ལུས་	NOUN
ལ་	ལ་	PART
དཔེ་	དཔེ་	NOUN
ལོངས་	ལོངས་	VERB
ལ་	ལ་	PART
།		PUNCT
		
།		PUNCT
གཞན་	གཞན་	DET
ལ་	ལ་	PART
གནོད་པ་	གནོད་པ་	VERB
མ་	མ་	PART
བྱེད་	བྱེད་	VERB
ཅིག་	ཅིག་	PART
		
།		PUNCT
ཅེས་	ཅེས་	PART
བརྗོད་	བརྗོད་	VERB
།		PUNCT
		
གྲངས་	གྲངས་	NOUN
གསོག་	གསོག་	VERB
ཚེ་	ཚེ་	NOUN
མདུན་བསྐྱེད་	མདུན་བསྐྱེད་	NOUN
ན་	ནས་	PART
འདི་	འདི་	DET
བ་	བ་	NOUN
གསོག་	གསོག་	VERB
		
དམིགས་པ་	དམིགས་པ་	VERB
བརྟན་པོ་	བརྟན་པོ་	ADJ
ཡོད་	ཡོད་	VERB
ན་	ལ་	PART
བདུད་རྩི་	བདུད་རྩི་	NOUN
འི་	གི་	PART
བྱིན་	བྱིན་	VERB
བརླབས་	བརླབས་	NO_POS
ན་	ནས་	PART
བསགས་	བསགས་	VERB
ཀྱང་	ཀྱང་	PART
འཐུས་	འཐུས་	NO_POS
།		PUNCT
དེ་ནས་	དེ་ནས་	NO_POS
གཤེགས་	གཤེགས་	VERB
གསོལ་	གསོལ་	VERB
ནི་	ནི་	NO_POS
།		PUNCT
ཨོཾ་	ཨོཾ་	X
ནཱ་ག་	ནཱ་ག་	X
ས་པ་	ས་པ་	NOUN
རི་	རི་	NOUN
ཝཱ་	ཝཱ་	NO_POS
ར་ས་	ར་ས་	PROPN
མཱ་	མཱ་	NO_POS
ཡ་	ཡ་	NOUN
ཛ་	ཛ་	OTHER
ཛཿ་		NON_WORD
ནཱ་ག་	ནཱ་ག་	X
ཤིག་ཤིག་	ཤིག་ཤིག་	NOUN
ཁྱེ་	ཁྱེ་	VERB
ཅིག་	ཅིག་	PART
དེངས་	དེངས་	NO_POS
ཤིག་	ཅིག་	PART
ནཱ་ག་	ནཱ་ག་	X
ཤིག་	ཅིག་	PART
ནཱ་ག་	ནཱ་ག་	X
ཁྲོལ་	ཁྲོལ་	VERB
།		PUNCT
ནཱ་ག་	ནཱ་ག་	X
དེངས་	དེངས་	NO_POS
།		PUNCT
ཀླུ་རྒྱལ་	ཀླུ་རྒྱལ་	NO_POS
རིགས་	རིགས་	NOUN
།		PUNCT
		
བྲམ་ཟེ་	བྲམ་ཟེ་	NOUN
འི་	གི་	PART
རིགས་	རིགས་	NOUN
།		PUNCT
		
རྗེ་རིགས་	རྗེ་རིགས་	NOUN
།		PUNCT
		
དམངས་རིགས་	དམངས་རིགས་	PROPN
།		PUNCT
		
གདོལ་པ་	གདོལ་པ་	NOUN
ལ་སོགས་པ་	ལ་སོགས་པ་	NO_POS
ཐམས་ཅད་	ཐམས་ཅད་	DET
ཕྱོགས་མཚམས་	ཕྱོགས་མཚམས་	NOUN
རང་རང་	རང་རང་	NO_POS
གི་	གི་	PART
གནས་	གནས་	NOUN
སུ་	ལ་	PART
སྐད་ཅིག་	སྐད་ཅིག་	OTHER
གིས་	གིས་	PART
གཤེགས་པ་	གཤེགས་པ་	VERB
ར་	ལ་	PART
གྱུར་	གྱུར་	VERB
།		PUNCT
མཆོད་སྦྱིན་	མཆོད་སྦྱིན་	NOUN
གནས་	གནས་	NOUN
འདི་	འདི་	DET
ར་	ལ་	PART
གང་	གང་	NO_POS
ལྷགས་པ་	ལྷགས་པ་	VERB
འི་	གི་	PART
།		PUNCT
		
།		PUNCT
འབྱུང་པོ་	འབྱུང་པོ་	NOUN
ས་འོག་	ས་འོག་	OTHER
རྒྱུ་བ་	རྒྱུ་བ་	VERB
དང་	དང་	NO_POS
།		PUNCT
		
།		PUNCT
གང་ཡང་	གང་ཡང་	NO_POS
ས་སྟེང་	ས་སྟེང་	NOUN
འཁོད་པ་	འཁོད་པ་	VERB
དང་	དང་	NO_POS
།		PUNCT
		
།		PUNCT
ས་བླ་	ས་བླ་	NOUN
ར་	ལ་	PART
རྒྱུ་བ་	རྒྱུ་བ་	VERB
གང་ཡིན་པ་	གང་ཡིན་པ་	NO_POS
།		PUNCT
		
།		PUNCT
མགུ་བ་	མགུ་བ་	VERB
ར་	ལ་	PART
གྱིས་	གིས་	PART
ལ་	ལ་	PART
རང་གནས་	རང་གནས་	NOUN
སུ་	ལ་	PART
།		PUNCT
		
།		PUNCT
ཐམས་ཅད་	ཐམས་ཅད་	DET
ཐ་དད་	ཐ་དད་	ADJ
འགྲོ་བ་	འགྲོ་བ་	VERB
ར་	ལ་	PART
གྱིས་	གིས་	PART
།		PUNCT
		
།		PUNCT
སརྦ་	སརྦ་	NO_POS
བྷཱུ་		NON_WORD
ཏ་	ཏ་	OTHER
གཙྪཿ་		NON_WORD
རང་	རང་	PRON
གི་	གི་	PART
ལུས་	ལུས་	NOUN
ལ་	ལ་	PART
དཔེ་	དཔེ་	NOUN
ལོངས་	ལོངས་	VERB
ལ་	ལ་	PART
།		PUNCT
		
།		PUNCT
གཞན་	གཞན་	DET
ལ་	ལ་	PART
གནོད་པ་	གནོད་པ་	VERB
མ་	མ་	PART
བྱེད་	བྱེད་	VERB
ཅིག་	ཅིག་	PART
		
།		PUNCT
ཞེ་	ཅེས་	PART
ཐམས་ཅད་	ཐམས་ཅད་	DET
རང་རང་	རང་རང་	NO_POS
གནས་	གནས་	NOUN
སུ་	ལ་	PART
སོང་བ་	སོང་བ་	VERB
ར་	ལ་	PART
བསམ་	བསམ་	NOUN
ལ་	ལ་	PART
།		PUNCT
འདི་	འདི་	DET
ར་	ལ་	PART
འབད་	འབད་	VERB
ལྷག་བསམ་	ལྷག་བསམ་	NOUN
དགེ་བ་	དགེ་བ་	VERB
འི་	གི་	PART
མཐུ་	མཐུ་	NOUN
ས་	གིས་	PART
།		PUNCT
		
ཀླུ་	ཀླུ་	NOUN
རིགས་	རིགས་	NOUN
བྱང་ཆུབ་	བྱང་ཆུབ་	NOUN
འཁོད་པ་	འཁོད་པ་	VERB
ར་	ལ་	PART
ཤོག་	ཤོག་	VERB
དཔལ་	དཔལ་	OTHER
ཆེན་	ཆེན་	NO_POS
ལྷ་མོ་	ལྷ་མོ་	NOUN
ལ་	ལ་	PART
ཀླུ་རྒྱལ་	ཀླུ་རྒྱལ་	NO_POS
བཱ་	བཱ་	NO_POS
སུ་	ལ་	PART
ཀི་	ཀི་	ADP
ས་	གིས་	PART
ཕུལ་བ་	ཕུལ་བ་	VERB
འོ་	གོ་	PART
།		PUNCT
		
དགེ་	དགེ་	NOUN
འོ་	གོ་	PART
།།		PUNCT
		
།།		PUNCT
ས་བདག་	ས་བདག་	NOUN
བཤགས་	བཤགས་	NO_POS
འབུམ་	འབུམ་	NUM
བསྡུས་པ་	བསྡུས་པ་	VERB
ནི་	ནི་	NO_POS
།		PUNCT
ཀྱཻ་		NON_WORD
༐		PUNCT
		
བདག་	བདག་	PRON
དང་	དང་	NO_POS
རྒྱུ་	རྒྱུ་	NOUN
སྦྱོར་	སྦྱོར་	VERB
ཡོན་བདག་	ཡོན་བདག་	NOUN
གིས་	གིས་	PART
།		PUNCT
		
།		PUNCT
ག་	ག་	NOUN
འགྲོ་	འགྲོ་	VERB
ག་	ག་	NOUN
འདུག་གནས་པ་	འདུག་གནས་པ་	NO_POS
འི་	གི་	PART
ཚོགས་	ཚོགས་	NOUN
།		PUNCT
		
།		PUNCT
ཡུལ་ཕྱོགས་	ཡུལ་ཕྱོགས་	NOUN
འདི་	འདི་	DET
ལ་	ལ་	PART
བརྟེན་	བརྟེན་	VERB
གནས་པ་	གནས་པ་	VERB
འི་	གི་	PART
།		PUNCT
		
།		PUNCT
ལྷ་	ལྷ་	NOUN
ཀླུ་གཉན་	ཀླུ་གཉན་	OTHER
གསུམ་	གསུམ་	NUM
ཁྱེད་	ཁྱེད་	PRON
རྣམས་	རྣམས་	DET
ལ་	ལ་	PART
།		PUNCT
		
།		PUNCT
ཕ་མ་	ཕ་མ་	NOUN
སྔ་རབས་	སྔ་རབས་	OTHER
འདས་པ་	འདས་པ་	VERB
དང་	དང་	NO_POS
།		PUNCT
		
།		PUNCT
བུ་ཚ་	བུ་ཚ་	NOUN
ཕྱི་རབས་	ཕྱི་རབས་	OTHER
ཡན་ཆད་	ཡན་ཆད་	ADV
ཀྱི་	གི་	PART
།		PUNCT
		
།		PUNCT
ས་གཉན་	ས་གཉན་	NO_POS
རྐོས་	རྐོས་	VERB
དང་	དང་	NO_POS
རྡོ་	རྡོ་	NOUN
གཉན་	གཉན་	OTHER
བསླང་	བསླང་	NO_POS
།		PUNCT
		
།		PUNCT
ཆུ་	ཆུ་	NOUN
གཉན་	གཉན་	OTHER
དཀྲུགས་		NON_WORD
དང་	དང་	NO_POS
ཤིང་	ཅིང་	PART
གཉན་	གཉན་	OTHER
བཅད་	བཅད་	VERB
།		PUNCT
		
།		PUNCT
རོ་	རོ་	NOUN
བག་	བག་	NOUN
ཐབ་གཞོབ་	ཐབ་གཞོབ་	NO_POS
ཟོ་		
ལམ་	གམ་	PART
སོགས་	སོགས་	DET
།		PUNCT
		
།		PUNCT
མ་རིག་	མ་རིག་	NOUN
མ་	མ་	PART
ཤེ་	ཤེ་	VERB
ཅི་	ཅི་	NO_POS
འགལ་བ་	འགལ་བ་	VERB
།		PUNCT
		
།		PUNCT
མཐོལ་	མཐོལ་	NO_POS
ལོ་	གོ་	PART
བཤགས་	བཤགས་	NO_POS
སོ་	གོ་	PART
དག་	དག་	DET
གྱུར་ཅིག་	གྱུར་ཅིག་	NO_POS
		
།		PUNCT
ཨོཾ་	ཨོཾ་	X
ཨ་	ཨ་	X
ཀ་	ཀ་	DET
ནི་	ནི་	NO_POS
ནི་	ནི་	NO_POS
ཀ་	ཀ་	DET
ནི་	ནི་	NO_POS
ཨ་	ཨ་	X
བྷི་		NON_WORD
ལ་	ལ་	PART
མན་	མན་	OTHER
དྷ་		NON_WORD
ལ་	ལ་	PART
མཎྜ་		NON_WORD
ལེ་	ལེ་	NO_POS
མ་	མ་	PART
ཡེ་	ཡེ་	ADV
སྭཱ་		NON_WORD
ཧཱ་		NON_WORD
།		PUNCT
ས་བདག་	ས་བདག་	NOUN
བཤགས་	བཤགས་	NO_POS
འབུམ་	འབུམ་	NUM
བསྡུས་པ་	བསྡུས་པ་	VERB
རཱ་	རཱ་	NO_POS
ག་	ག་	PRON
ཨ་	ཨ་	X
སྱས་		NON_WORD
མཛད་པ་	མཛད་པ་	VERB
འོ་	གོ་	PART
།།		PUNCT
		
།།		PUNCT
སྐབས་	སྐབས་	NOUN
འག་	འགའ་	DET
ར་	ལ་	PART
བསང་མཆོད་	བསང་མཆོད་	OTHER
བསྡུས་པ་	བསྡུས་པ་	VERB
བྱ་བ་	བྱ་བ་	VERB
ར་	ལ་	PART
འདོད་	འདོད་	VERB
ན་	ལ་	PART
།		PUNCT
ཧཱུྃ་		NON_WORD
།		PUNCT
		
རིག་འཛིན་	རིག་འཛིན་	OTHER
ཨོ་རྒྱན་	ཨོ་རྒྱན་	PROPN
པདྨ་	པདྨ་	NOUN
འབྱུང་གནས་	འབྱུང་གནས་	NOUN
དང་	དང་	NO_POS
།		PUNCT
		
།		PUNCT
མཁའ་འགྲོ་	མཁའ་འགྲོ་	NOUN
འི་	གི་	PART
གཙོ་	གཙོ་	NOUN
མོ་ལྷ་	མོ་ལྷ་	NO_POS
ལྕམ་	ལྕམ་	NOUN
མནྡ་		NON_WORD
ར་	ར་	ADP
།		PUNCT
		
།		PUNCT
ཡེ་ཤེས་	ཡེ་ཤེས་	NOUN
མཚོ་	མཚོ་	NOUN
རྒྱལ་	རྒྱལ་	VERB
གནུབས་	གནུབས་	NOUN
བན་	བན་	OTHER
ལོ་ཙཱ་བ་	ལོ་ཙཱ་བ་	NOUN
།		PUNCT
		
།		PUNCT
རྩ་	རྩ་	NUM
གསུམ་	གསུམ་	NUM
གླིང་	གླིང་	NOUN
དང་	དང་	NO_POS
རིག་འཛིན་	རིག་འཛིན་	OTHER
མི་	མི་	PART
འཇིགས་	འཇིགས་	VERB
རྡོ་		
།		PUNCT
		
།		PUNCT
རྩ་	རྩ་	NUM
བརྒྱུད་	བརྒྱུད་	NO_POS
བླ་མ་	བླ་མ་	NOUN
འི་	གི་	PART
ཚོགས་	ཚོགས་	NOUN
བཅའ་	བཅའ་	VERB
ཐམས་ཅད་	ཐམས་ཅད་	DET
ལ་	ལ་	PART
།		PUNCT
		
།		PUNCT
དམ་རྫས་	དམ་རྫས་	NOUN
བདུད་རྩི་	བདུད་རྩི་	NOUN
འི་	གི་	PART
བསང་མཆོད་	བསང་མཆོད་	OTHER
འདི་	འདི་	DET
ཕུལ་བ་	ཕུལ་བ་	VERB
ས་	གིས་	PART
།		PUNCT
		
།		PUNCT
བདག་	བདག་	PRON
སོགས་	སོགས་	DET
བྱང་ཆུབ་	བྱང་ཆུབ་	NOUN
ཐོབ་པ་	ཐོབ་པ་	VERB
འི་	གི་	PART
ཕྲིན་ལས་	ཕྲིན་ལས་	NOUN
མཛོད་	མཛོད་	NOUN
།		PUNCT
		
།		PUNCT
རྩ་	རྩ་	NUM
གསུམ་	གསུམ་	NUM
གླིང་པ་	གླིང་པ་	NOUN
ས་	གིས་	PART
སོ་	གོ་	PART
།།		PUNCT
		
།།		PUNCT
